{"acc_iter": 94.02984976768494, "_timestamp": 1706702171.4599392, "_runtime": 14.004045248031616, "_step": 22, "acc_certain": 100.0, "acc_uncertain": 89.47368621826172, "loss": 5.949526786804199, "_wandb": {"runtime": 12}, "acc_t": 95.97096186367872, "acc_uncertain_avg": 93.44443789395419, "acc_certain_avg": 99.9202547940341, "model_size": 5.8003692626953125, "flops": 35776242.0, "params": 1520480.0}