{"loss_s": 0.5520807505737257, "_timestamp": 1706700606.480128, "acc_s": 100.0, "acc_t": 69.12727355957031, "_runtime": 229.47511100769043, "_step": 50, "_wandb": {"runtime": 227}}