{"acc_iter": 88.05969953536987, "_timestamp": 1706699447.14458, "_runtime": 23.17102599143982, "_step": 22, "acc_certain": 100.0, "acc_uncertain": 80.0, "loss": 6.158186912536621, "_wandb": {"runtime": 21}, "acc_t": 87.76769505222134, "acc_uncertain_avg": 81.22008271650834, "acc_certain_avg": 98.71059591119939, "model_size": 10.200416564941406, "flops": 64280575.0, "params": 2673926.0}