{"acc_iter": 98.38709235191345, "_timestamp": 1706702320.01099, "_runtime": 13.563355922698975, "_step": 22, "acc_certain": 100.0, "acc_uncertain": 97.56097412109375, "loss": 6.115410327911377, "_wandb": {"runtime": 11}, "acc_t": 96.76363626393405, "acc_uncertain_avg": 95.0188217163086, "acc_certain_avg": 99.89898993752219, "model_size": 2.516521453857422, "flops": 15575041.0, "params": 659641.0}