{"loss_s": 0.5505322550955967, "_timestamp": 1706698016.773695, "acc_s": 100.0, "acc_t": 70.23593187332153, "_runtime": 543.799693107605, "_step": 50, "_wandb": {"runtime": 541}}