{"acc_iter": 93.54838132858276, "_timestamp": 1706702425.203922, "_runtime": 13.145949125289917, "_step": 22, "acc_certain": 95.65217590332031, "acc_uncertain": 92.30769348144531, "loss": 6.148903846740723, "_wandb": {"runtime": 9}, "acc_t": 87.70909077904442, "acc_uncertain_avg": 83.12516091086648, "acc_certain_avg": 97.6823518926447, "model_size": 2.542022705078125, "flops": 15633054.0, "params": 666324.0}