{"acc_iter": 95.23810148239136, "_timestamp": 1706694957.2802327, "_runtime": 14.920551776885986, "_step": 22, "acc_certain": 100.0, "acc_uncertain": 93.02325439453125, "loss": 6.006239891052246, "_wandb": {"runtime": 13}, "acc_t": 91.20319897978577, "acc_uncertain_avg": 88.04833325472745, "acc_certain_avg": 98.33017071810636, "model_size": 14.920368194580078, "flops": 87910784.0, "params": 3911243.0}