{"acc_iter": 96.77419066429138, "_timestamp": 1706702125.8737113, "_runtime": 15.406947374343872, "_step": 22, "acc_certain": 100.0, "acc_uncertain": 95.23809814453125, "loss": 6.1020708084106445, "_wandb": {"runtime": 13}, "acc_t": 97.12727266224948, "acc_uncertain_avg": 95.54940241033381, "acc_certain_avg": 99.89428953690962, "model_size": 5.6284637451171875, "flops": 34578681.0, "params": 1475416.0}