{"loss_s": 0.5482204114901114, "_timestamp": 1706692917.7528756, "acc_s": 100.0, "acc_t": 73.74545335769653, "_runtime": 301.1011996269226, "_step": 50, "_wandb": {"runtime": 299}}