{"loss_s": 0.548840302250602, "_timestamp": 1706692295.7309673, "acc_s": 100.0, "acc_t": 76.69938206672668, "_runtime": 298.26380729675293, "_step": 50, "_wandb": {"runtime": 296}}