{"loss_s": 0.5660719395981942, "_timestamp": 1706699657.7960682, "acc_s": 100.0, "acc_t": 76.5539824962616, "_runtime": 239.56950330734253, "_step": 50, "_wandb": {"runtime": 237}}