{"loss_s": 0.5482204114901114, "_timestamp": 1706692606.1547916, "acc_s": 100.0, "acc_t": 71.57894372940063, "_runtime": 301.22458267211914, "_step": 50, "_wandb": {"runtime": 299}}