{"loss_s": 0.5617846528761183, "_timestamp": 1706695690.9272952, "acc_s": 100.0, "acc_t": 90.36363363265991, "_runtime": 505.5876462459564, "_step": 50, "_wandb": {"runtime": 504}}