{"loss_s": 0.5617846528761183, "_timestamp": 1706696259.4102125, "acc_s": 100.0, "acc_t": 78.48055362701416, "_runtime": 540.1596624851227, "_step": 50, "_wandb": {"runtime": 535}}