{"loss_s": 0.5493392593121363, "_timestamp": 1706698844.351282, "acc_s": 100.0, "acc_t": 70.5090880393982, "_runtime": 462.26194882392883, "_step": 50, "_wandb": {"runtime": 460}}