{"loss_s": 0.5505322550955967, "_timestamp": 1706698596.2831337, "acc_s": 100.0, "acc_t": 70.94545364379883, "_runtime": 550.4714076519012, "_step": 50, "_wandb": {"runtime": 548}}