{"acc_iter": 95.23810148239136, "_timestamp": 1706699359.7535841, "_runtime": 22.924453258514404, "_step": 22, "acc_certain": 100.0, "acc_uncertain": 93.33333587646484, "loss": 5.9490156173706055, "_wandb": {"runtime": 21}, "acc_t": 92.29371152067999, "acc_uncertain_avg": 89.32256906682795, "acc_certain_avg": 98.79897343028675, "model_size": 10.234046936035156, "flops": 61851865.0, "params": 2682742.0}