{"acc_iter": 93.65079998970032, "_timestamp": 1706702195.0574725, "_runtime": 13.756141424179077, "_step": 22, "acc_certain": 100.0, "acc_uncertain": 91.11111450195312, "loss": 6.058803081512451, "_wandb": {"runtime": 11}, "acc_t": 86.18684129383901, "acc_uncertain_avg": 81.2145566073331, "acc_certain_avg": 98.04250196977095, "model_size": 5.8003692626953125, "flops": 35776242.0, "params": 1520480.0}