{"acc_iter": 98.50745797157288, "_timestamp": 1706694934.592489, "_runtime": 15.883776903152466, "_step": 22, "acc_certain": 100.0, "acc_uncertain": 97.43589782714844, "loss": 5.99762487411499, "_wandb": {"runtime": 14}, "acc_t": 97.71324852417256, "acc_uncertain_avg": 96.16256644509055, "acc_certain_avg": 99.99999895962802, "model_size": 14.920368194580078, "flops": 87910784.0, "params": 3911243.0}