{"loss_s": 0.565717345746589, "_timestamp": 1706691192.0604732, "acc_s": 100.0, "acc_t": 93.59999895095825, "_runtime": 689.9735751152039, "_step": 50, "_wandb": {"runtime": 688}}