{"loss_s": 0.5604150826398777, "_timestamp": 1706695599.9176416, "acc_s": 100.0, "acc_t": 94.58181858062744, "_runtime": 562.0196807384491, "_step": 50, "_wandb": {"runtime": 560}}