{"loss_s": 0.5490189179507169, "_timestamp": 1706696870.4794095, "acc_s": 100.0, "acc_t": 93.06714534759521, "_runtime": 580.6853613853455, "_step": 50, "_wandb": {"runtime": 578}}