{"acc_iter": 98.38709235191345, "_timestamp": 1706695004.586806, "_runtime": 15.005553007125854, "_step": 22, "acc_certain": 100.0, "acc_uncertain": 97.6744155883789, "loss": 6.144344329833984, "_wandb": {"runtime": 13}, "acc_t": 90.83636353666132, "acc_uncertain_avg": 86.62492544000798, "acc_certain_avg": 98.88003713434392, "model_size": 14.920368194580078, "flops": 87910784.0, "params": 3911243.0}