{"acc_iter": 92.53731369972229, "_timestamp": 1706694981.102387, "_runtime": 15.149412870407104, "_step": 22, "acc_certain": 96.42857360839844, "acc_uncertain": 89.74359130859375, "loss": 6.203859329223633, "_wandb": {"runtime": 13}, "acc_t": 90.56261343661757, "acc_uncertain_avg": 85.85680493441495, "acc_certain_avg": 98.98722180453214, "model_size": 14.920368194580078, "flops": 87910784.0, "params": 3911243.0}