{"loss_s": 0.565717345746589, "_timestamp": 1706691658.5284913, "acc_s": 100.0, "acc_t": 79.24391627311707, "_runtime": 437.20779633522034, "_step": 50, "_wandb": {"runtime": 433}}