{"acc_iter": 87.30159401893616, "_timestamp": 1706702382.5111203, "_runtime": 11.55350136756897, "_step": 22, "acc_certain": 100.0, "acc_uncertain": 80.95238494873047, "loss": 5.981311798095703, "_wandb": {"runtime": 9}, "acc_t": 87.93166136793639, "acc_uncertain_avg": 84.02568990534002, "acc_certain_avg": 96.31094845858487, "model_size": 2.5949745178222656, "flops": 16011185.0, "params": 680207.0}