{"loss_s": 0.548840302250602, "_timestamp": 1706691987.0870924, "acc_s": 100.0, "acc_t": 93.68420839309692, "_runtime": 300.40108132362366, "_step": 50, "_wandb": {"runtime": 298}}