{"loss_s": 0.5520807505737257, "_timestamp": 1706700366.73057, "acc_s": 100.0, "acc_t": 69.43738460540771, "_runtime": 228.64779615402222, "_step": 50, "_wandb": {"runtime": 227}}