{"loss_s": 0.5500853280154141, "_timestamp": 1706697646.8624163, "acc_s": 100.0, "acc_t": 77.35369205474854, "_runtime": 659.3027181625366, "_step": 50, "_wandb": {"runtime": 657}}