{"acc_iter": 98.38709235191345, "_timestamp": 1706695115.9560938, "_runtime": 25.765394687652588, "_step": 22, "acc_certain": 100.0, "acc_uncertain": 97.8723373413086, "loss": 5.939809322357178, "_wandb": {"runtime": 23}, "acc_t": 98.25454535484315, "acc_uncertain_avg": 97.19953883777966, "acc_certain_avg": 99.99999930641867, "model_size": 14.920368194580078, "flops": 87910784.0, "params": 3911243.0}