{"loss_s": 0.5500853280154141, "_timestamp": 1706696952.8213897, "acc_s": 100.0, "acc_t": 93.35752725601196, "_runtime": 664.6485595703125, "_step": 50, "_wandb": {"runtime": 663}}