{"loss_s": 0.5493392593121363, "_timestamp": 1706698352.849916, "acc_s": 100.0, "acc_t": 72.26859927177429, "_runtime": 676.0685350894928, "_step": 50, "_wandb": {"runtime": 674}}