{"loss_s": 0.5518342327638106, "_timestamp": 1706699894.0367215, "acc_s": 100.0, "acc_t": 93.32123398780823, "_runtime": 226.94746041297913, "_step": 50, "_wandb": {"runtime": 225}}