{"acc_iter": 91.04477167129517, "_timestamp": 1706702362.8782766, "_runtime": 11.410154581069946, "_step": 22, "acc_certain": 100.0, "acc_uncertain": 85.0, "loss": 6.014565944671631, "_wandb": {"runtime": 9}, "acc_t": 95.97096177930192, "acc_uncertain_avg": 93.36135309392756, "acc_certain_avg": 99.72510563243519, "model_size": 2.5949745178222656, "flops": 16011185.0, "params": 680207.0}