{"acc_iter": 86.56716346740723, "_timestamp": 1706702404.414027, "_runtime": 11.839761018753052, "_step": 22, "acc_certain": 96.0, "acc_uncertain": 80.95238494873047, "loss": 6.267578125, "_wandb": {"runtime": 9}, "acc_t": 86.20689653441607, "acc_uncertain_avg": 80.12286428971724, "acc_certain_avg": 97.7061836936257, "model_size": 2.542022705078125, "flops": 15633054.0, "params": 666324.0}