{"acc_iter": 93.65079998970032, "_timestamp": 1706702343.2612467, "_runtime": 11.28256368637085, "_step": 22, "acc_certain": 100.0, "acc_uncertain": 91.66667175292969, "loss": 6.002440452575684, "_wandb": {"runtime": 9}, "acc_t": 89.53107975258129, "acc_uncertain_avg": 86.04659687389027, "acc_certain_avg": 98.02587821266867, "model_size": 2.516521453857422, "flops": 15575041.0, "params": 659641.0}