{"acc_iter": 95.16128897666931, "_timestamp": 1706699476.699662, "_runtime": 23.250695943832397, "_step": 22, "acc_certain": 100.0, "acc_uncertain": 92.68292236328125, "loss": 6.175459861755371, "_wandb": {"runtime": 21}, "acc_t": 87.59999996965581, "acc_uncertain_avg": 82.47614045576616, "acc_certain_avg": 97.38577062433416, "model_size": 10.200416564941406, "flops": 64280575.0, "params": 2673926.0}