{"acc_iter": 95.16128897666931, "_timestamp": 1706702242.155278, "_runtime": 13.771517038345337, "_step": 22, "acc_certain": 100.0, "acc_uncertain": 92.5, "loss": 6.147952556610107, "_wandb": {"runtime": 11}, "acc_t": 89.81818178783763, "acc_uncertain_avg": 85.74786376953125, "acc_certain_avg": 97.8631740916859, "model_size": 5.708690643310547, "flops": 36147402.0, "params": 1496447.0}