{"acc_iter": 94.02984976768494, "_timestamp": 1706702218.638905, "_runtime": 13.902636051177979, "_step": 22, "acc_certain": 100.0, "acc_uncertain": 89.74359130859375, "loss": 6.139230728149414, "_wandb": {"runtime": 11}, "acc_t": 87.58620687275314, "acc_uncertain_avg": 81.70087640935725, "acc_certain_avg": 98.50102511319247, "model_size": 5.708690643310547, "flops": 36147402.0, "params": 1496447.0}