{"loss_s": 0.5518342327638106, "_timestamp": 1706700125.8143346, "acc_s": 100.0, "acc_t": 76.33588314056396, "_runtime": 224.01652455329895, "_step": 50, "_wandb": {"runtime": 222}}