{"acc_iter": 98.50745797157288, "_timestamp": 1706699391.8660288, "_runtime": 23.422451734542847, "_step": 22, "acc_certain": 100.0, "acc_uncertain": 97.36841583251953, "loss": 5.939178943634033, "_wandb": {"runtime": 21}, "acc_t": 97.56805796155912, "acc_uncertain_avg": 96.0378372885964, "acc_certain_avg": 99.99999895962802, "model_size": 10.19881820678711, "flops": 62468040.0, "params": 2673509.0}