{"acc_iter": 98.41270446777344, "_timestamp": 1706702148.052643, "_runtime": 14.10161805152893, "_step": 22, "acc_certain": 100.0, "acc_uncertain": 97.61904907226562, "loss": 5.964171409606934, "_wandb": {"runtime": 12}, "acc_t": 92.33006193437649, "acc_uncertain_avg": 89.58751019564542, "acc_certain_avg": 98.77823742953214, "model_size": 5.6284637451171875, "flops": 34578681.0, "params": 1475416.0}