{"acc_iter": 98.38709235191345, "_timestamp": 1706699326.964165, "_runtime": 43.629884004592896, "_step": 22, "acc_certain": 100.0, "acc_uncertain": 97.8723373413086, "loss": 5.97856330871582, "_wandb": {"runtime": 40}, "acc_t": 97.27272717302496, "acc_uncertain_avg": 95.90235484730114, "acc_certain_avg": 99.83006078546697, "model_size": 10.234046936035156, "flops": 61851865.0, "params": 2682742.0}