{"loss_s": 0.5660719395981942, "_timestamp": 1706699407.0974538, "acc_s": 100.0, "acc_t": 90.83636403083801, "_runtime": 247.37702679634094, "_step": 50, "_wandb": {"runtime": 245}}