{"acc_iter": 98.41270446777344, "_timestamp": 1706699415.7172854, "_runtime": 15.449056386947632, "_step": 22, "acc_certain": 100.0, "acc_uncertain": 97.56097412109375, "loss": 5.99855899810791, "_wandb": {"runtime": 13}, "acc_t": 91.53035273772073, "acc_uncertain_avg": 88.70934989235617, "acc_certain_avg": 98.31579728560014, "model_size": 10.19881820678711, "flops": 62468040.0, "params": 2673509.0}