{"acc_iter": 95.23810148239136, "_timestamp": 1706694911.9053123, "_runtime": 14.729921340942383, "_step": 22, "acc_certain": 100.0, "acc_uncertain": 93.02325439453125, "loss": 5.918277740478516, "_wandb": {"runtime": 13}, "acc_t": 92.40276277476941, "acc_uncertain_avg": 89.48958240855823, "acc_certain_avg": 98.86282868818803, "model_size": 14.920368194580078, "flops": 87910784.0, "params": 3911243.0}