{"loss_s": 0.5604150826398777, "_timestamp": 1706696259.0909226, "acc_s": 100.0, "acc_t": 78.62595915794373, "_runtime": 621.7697525024414, "_step": 50, "_wandb": {"runtime": 619}}