{"loss_s": 0.5490189179507169, "_timestamp": 1706697440.3419845, "acc_s": 100.0, "acc_t": 75.09996891021729, "_runtime": 542.0208814144135, "_step": 50, "_wandb": {"runtime": 540}}